{
	"highFreqAbsorption" : 0.23999999463558197,
	"highFreqTransmission" : 0.0010000000474974513,
	"lowFreqAbsorption" : 0.12999999523162842,
	"lowFreqTransmission" : 0.014999999664723873,
	"midFreqAbsorption" : 0.20000000298023224,
	"midFreqTransmission" : 0.0020000000949949026,
	"name" : "AudioMaterialRock",
	"scattering" : 0.05000000074505806
}